La ciudad es ___ (big),grande,grandes,grande,grande
El chico es ___ (interesting),interesante,interesantes,interesante,interesante
La casa es ___ (old),vieja,viejas,viejo,viejos
El libro es ___ (fun),divertido,divertida,divertidas,divertidos
La mesa es ___ (kind),amable,amables,amable,amable
El sol es ___ (modern),moderno,modernos,modernas,moderna
Los árboles es ___ (beautiful),bonitos,bonito,bonitoas,bonitoa
La casa es ___ (big),grande,grandes,grande,grande
Las flores es ___ (kind),amables,amable,amabless,amableos
El sol es ___ (new),nuevo,nuevas,nueva,nuevos
El parque es ___ (new),nuevo,nuevas,nueva,nuevos
La niña es ___ (hot),caliente,caliente,calientes,caliente
La playa es ___ (new),nueva,nuevas,nuevo,nuevos
La ciudad es ___ (clear),clara,claros,claro,claras
El libro es ___ (fun),divertido,divertida,divertidas,divertidos
La luna es ___ (weak),débil,débils,débil,débil
Las calles es ___ (sick),enfermas,enferma,enfermaos,enfermao
El libro es ___ (boring),aburrido,aburridas,aburridos,aburrida
El chico es ___ (salty),salado,saladas,salada,salados
Los amigos es ___ (cold),fríos,frío,fríoas,fríoa
Los amigos es ___ (strong),fuertes,fuerteas,fuerte,fuertess
Los coches es ___ (interesting),interesantes,interesantess,interesanteas,interesante
Los gatos es ___ (beautiful),bonitos,bonito,bonitoas,bonitoa
El sol es ___ (salty),salado,saladas,salada,salados
Las flores es ___ (new),nuevas,nuevaos,nuevao,nueva
El coche es ___ (sweet),dulce,dulces,dulce,dulce
Los amigos es ___ (safe),seguros,seguro,seguroa,seguroas
La casa es ___ (big),grande,grandes,grande,grande
Las montañas es ___ (fun),divertidas,divertidao,divertida,divertidaos
El edificio es ___ (fun),divertido,divertida,divertidas,divertidos
Las montañas es ___ (heavy),pesadas,pesadao,pesadaos,pesada
El chico es ___ (dark),oscuro,oscuras,oscuros,oscura
El libro es ___ (heavy),pesado,pesadas,pesada,pesados
El edificio es ___ (boring),aburrido,aburridas,aburridos,aburrida
La niña es ___ (clear),clara,claros,claro,claras
El parque es ___ (sad),triste,triste,tristes,triste
La casa es ___ (kind),amable,amables,amable,amable
El sol es ___ (boring),aburrido,aburridas,aburridos,aburrida
Los coches es ___ (kind),amables,amableas,amable,amabless
Las flores es ___ (heavy),pesadas,pesadao,pesadaos,pesada
La niña es ___ (sick),enferma,enfermos,enfermas,enfermo
El libro es ___ (sad),triste,triste,tristes,triste
Las montañas es ___ (small),pequeñas,pequeñao,pequeñaos,pequeña
El libro es ___ (new),nuevo,nuevas,nueva,nuevos
Los amigos es ___ (sweet),dulces,dulcess,dulceas,dulce
El coche es ___ (healthy),sano,sanos,sana,sanas
El edificio es ___ (cold),frío,frías,fríos,fría
La luna es ___ (small),pequeña,pequeño,pequeñas,pequeños
La niña es ___ (happy),feliz,feliz,felizs,feliz
Las flores es ___ (healthy),sanas,sanaos,sana,sanao
La mesa es ___ (light),ligera,ligeras,ligeros,ligero
El sol es ___ (strong),fuerte,fuerte,fuertes,fuerte
La mesa es ___ (fast),rápida,rápido,rápidas,rápidos
Los amigos es ___ (sweet),dulces,dulcess,dulceas,dulce
Los coches es ___ (small),pequeños,pequeñoas,pequeño,pequeñoa
El chico es ___ (beautiful),bonito,bonita,bonitos,bonitas
La niña es ___ (beautiful),bonita,bonito,bonitos,bonitas
La playa es ___ (hot),caliente,caliente,calientes,caliente
La mesa es ___ (strong),fuerte,fuerte,fuertes,fuerte
El perro es ___ (small),pequeño,pequeñas,pequeña,pequeños
Las montañas es ___ (new),nuevas,nuevaos,nuevao,nueva
El perro es ___ (boring),aburrido,aburridas,aburridos,aburrida
El chico es ___ (healthy),sano,sanos,sana,sanas
Los coches es ___ (modern),modernos,modernoa,modernoas,moderno
El libro es ___ (strong),fuerte,fuerte,fuertes,fuerte
Las calles es ___ (sad),tristes,triste,tristeos,tristess
El coche es ___ (heavy),pesado,pesadas,pesada,pesados
Las montañas es ___ (heavy),pesadas,pesadao,pesadaos,pesada
Las montañas es ___ (light),ligeras,ligeraos,ligerao,ligera
Los gatos es ___ (light),ligeros,ligeroas,ligeroa,ligero
La mesa es ___ (sad),triste,triste,tristes,triste
El sol es ___ (beautiful),bonito,bonita,bonitos,bonitas
El coche es ___ (strong),fuerte,fuerte,fuertes,fuerte
El perro es ___ (boring),aburrido,aburridas,aburridos,aburrida
El perro es ___ (modern),moderno,modernos,modernas,moderna
El chico es ___ (clear),claro,clara,claros,claras
El edificio es ___ (beautiful),bonito,bonita,bonitos,bonitas
El perro es ___ (weak),débil,débils,débil,débil
Los coches es ___ (strong),fuertes,fuerteas,fuerte,fuertess
Las flores es ___ (kind),amables,amable,amabless,amableos
La luna es ___ (clear),clara,claros,claro,claras
La luna es ___ (happy),feliz,feliz,felizs,feliz
El libro es ___ (sweet),dulce,dulces,dulce,dulce
La playa es ___ (interesting),interesante,interesantes,interesante,interesante
La casa es ___ (heavy),pesada,pesadas,pesado,pesados
La ciudad es ___ (sick),enferma,enfermos,enfermas,enfermo
La luna es ___ (weak),débil,débils,débil,débil
Las calles es ___ (strong),fuertes,fuerteos,fuerte,fuertess
El chico es ___ (clear),claro,clara,claros,claras
El coche es ___ (fast),rápido,rápidas,rápida,rápidos
El parque es ___ (salty),salado,saladas,salada,salados
El edificio es ___ (beautiful),bonito,bonita,bonitos,bonitas
La casa es ___ (ancient),antigua,antiguas,antiguo,antiguos
Los amigos es ___ (weak),débils,débilss,débilas,débil
El coche es ___ (clear),claro,clara,claros,claras
El perro es ___ (safe),seguro,segura,seguros,seguras
El libro es ___ (big),grande,grandes,grande,grande
La luna es ___ (small),pequeña,pequeño,pequeñas,pequeños
Los coches es ___ (small),pequeños,pequeñoas,pequeño,pequeñoa
La casa es ___ (new),nueva,nuevas,nuevo,nuevos
El sol es ___ (kind),amable,amables,amable,amable
Los árboles es ___ (healthy),sanos,sanoa,sanoas,sano
Los árboles es ___ (clear),claros,claroa,claro,claroas
El chico es ___ (clear),claro,clara,claros,claras
Las calles es ___ (new),nuevas,nuevaos,nuevao,nueva
La luna es ___ (strong),fuerte,fuerte,fuertes,fuerte
El parque es ___ (interesting),interesante,interesantes,interesante,interesante
El edificio es ___ (safe),seguro,segura,seguros,seguras
El libro es ___ (small),pequeño,pequeñas,pequeña,pequeños
El perro es ___ (bright),luminoso,luminosas,luminosos,luminosa
El perro es ___ (fun),divertido,divertida,divertidas,divertidos
Los coches es ___ (sick),enfermos,enfermoa,enfermoas,enfermo
Las flores es ___ (sweet),dulces,dulcess,dulce,dulceos
El libro es ___ (beautiful),bonito,bonita,bonitos,bonitas
El coche es ___ (cold),frío,frías,fríos,fría
Las flores es ___ (heavy),pesadas,pesadao,pesadaos,pesada
El sol es ___ (beautiful),bonito,bonita,bonitos,bonitas
El coche es ___ (sick),enfermo,enferma,enfermos,enfermas
La ciudad es ___ (salty),salada,salados,saladas,salado
El parque es ___ (dark),oscuro,oscuras,oscuros,oscura
El coche es ___ (fast),rápido,rápidas,rápida,rápidos
Los coches es ___ (fun),divertidos,divertidoa,divertidoas,divertido
Las calles es ___ (new),nuevas,nuevaos,nuevao,nueva
El edificio es ___ (fast),rápido,rápidas,rápida,rápidos
Los coches es ___ (small),pequeños,pequeñoas,pequeño,pequeñoa
La playa es ___ (salty),salada,salados,saladas,salado
La mesa es ___ (clear),clara,claros,claro,claras
El sol es ___ (heavy),pesado,pesadas,pesada,pesados
Los árboles es ___ (happy),felizs,feliz,felizas,felizss
Las montañas es ___ (small),pequeñas,pequeñao,pequeñaos,pequeña
La casa es ___ (dark),oscura,oscuro,oscuras,oscuros
El libro es ___ (cold),frío,frías,fríos,fría
El libro es ___ (clear),claro,clara,claros,claras
La niña es ___ (kind),amable,amables,amable,amable
El sol es ___ (healthy),sano,sanos,sana,sanas
La mesa es ___ (salty),salada,salados,saladas,salado
El sol es ___ (fun),divertido,divertida,divertidas,divertidos
La ciudad es ___ (cold),fría,frías,frío,fríos
La luna es ___ (beautiful),bonita,bonito,bonitos,bonitas
La niña es ___ (old),vieja,viejas,viejo,viejos
El libro es ___ (modern),moderno,modernos,modernas,moderna
La niña es ___ (fun),divertida,divertido,divertidas,divertidos
El chico es ___ (kind),amable,amables,amable,amable
La playa es ___ (happy),feliz,feliz,felizs,feliz
La mesa es ___ (heavy),pesada,pesadas,pesado,pesados
La mesa es ___ (dark),oscura,oscuro,oscuras,oscuros
El chico es ___ (healthy),sano,sanos,sana,sanas
La playa es ___ (safe),segura,seguro,seguros,seguras
La casa es ___ (happy),feliz,feliz,felizs,feliz
Los coches es ___ (heavy),pesados,pesadoas,pesado,pesadoa
La luna es ___ (healthy),sana,sanos,sanas,sano
El parque es ___ (dangerous),peligroso,peligrosa,peligrosos,peligrosas
La playa es ___ (hot),caliente,caliente,calientes,caliente
Las montañas es ___ (hot),calientes,caliente,calientess,calienteos
La luna es ___ (light),ligera,ligeras,ligeros,ligero
El edificio es ___ (cold),frío,frías,fríos,fría
El sol es ___ (happy),feliz,feliz,felizs,feliz
La mesa es ___ (salty),salada,salados,saladas,salado
La playa es ___ (clear),clara,claros,claro,claras
El perro es ___ (heavy),pesado,pesadas,pesada,pesados
La ciudad es ___ (salty),salada,salados,saladas,salado
La casa es ___ (safe),segura,seguro,seguros,seguras
Los coches es ___ (light),ligeros,ligeroas,ligeroa,ligero
Los amigos es ___ (kind),amables,amableas,amable,amabless
Los amigos es ___ (kind),amables,amableas,amable,amabless
Los árboles es ___ (interesting),interesantes,interesantess,interesanteas,interesante
Los coches es ___ (ancient),antiguos,antiguoa,antiguo,antiguoas
El sol es ___ (healthy),sano,sanos,sana,sanas
El sol es ___ (big),grande,grandes,grande,grande
El coche es ___ (weak),débil,débils,débil,débil
Los coches es ___ (heavy),pesados,pesadoas,pesado,pesadoa
El parque es ___ (light),ligero,ligeras,ligera,ligeros
Los gatos es ___ (safe),seguros,seguro,seguroa,seguroas
Los gatos es ___ (weak),débils,débilss,débilas,débil
La niña es ___ (sick),enferma,enfermos,enfermas,enfermo
Los gatos es ___ (clear),claros,claroa,claro,claroas
El sol es ___ (small),pequeño,pequeñas,pequeña,pequeños
La playa es ___ (sweet),dulce,dulces,dulce,dulce
El libro es ___ (heavy),pesado,pesadas,pesada,pesados
Los árboles es ___ (modern),modernos,modernoa,modernoas,moderno
La ciudad es ___ (weak),débil,débils,débil,débil
La ciudad es ___ (fast),rápida,rápido,rápidas,rápidos
Las calles es ___ (beautiful),bonitas,bonitao,bonita,bonitaos
Los amigos es ___ (sweet),dulces,dulcess,dulceas,dulce
Los coches es ___ (salty),salados,saladoa,salado,saladoas
El perro es ___ (dangerous),peligroso,peligrosa,peligrosos,peligrosas
Las montañas es ___ (sad),tristes,triste,tristeos,tristess
Los gatos es ___ (cold),fríos,frío,fríoas,fríoa
El coche es ___ (salty),salado,saladas,salada,salados
Los amigos es ___ (healthy),sanos,sanoa,sanoas,sano
La playa es ___ (big),grande,grandes,grande,grande
La luna es ___ (cold),fría,frías,frío,fríos
La niña es ___ (happy),feliz,feliz,felizs,feliz
La casa es ___ (new),nueva,nuevas,nuevo,nuevos
Los árboles es ___ (big),grandes,grandeas,grande,grandess
Las calles es ___ (interesting),interesantes,interesantess,interesanteos,interesante
El perro es ___ (hot),caliente,caliente,calientes,caliente
La mesa es ___ (kind),amable,amables,amable,amable
El parque es ___ (boring),aburrido,aburridas,aburridos,aburrida
Los coches es ___ (clear),claros,claroa,claro,claroas
El coche es ___ (small),pequeño,pequeñas,pequeña,pequeños
Las montañas es ___ (kind),amables,amable,amabless,amableos
La playa es ___ (fun),divertida,divertido,divertidas,divertidos
Los amigos es ___ (cold),fríos,frío,fríoas,fríoa
El perro es ___ (strong),fuerte,fuerte,fuertes,fuerte
Las flores es ___ (dark),oscuras,oscuraos,oscurao,oscura
La luna es ___ (safe),segura,seguro,seguros,seguras
El libro es ___ (salty),salado,saladas,salada,salados
Los árboles es ___ (bright),luminosos,luminosoa,luminoso,luminosoas
La playa es ___ (hot),caliente,caliente,calientes,caliente
El coche es ___ (strong),fuerte,fuerte,fuertes,fuerte
Las montañas es ___ (interesting),interesantes,interesantess,interesanteos,interesante
Los amigos es ___ (weak),débils,débilss,débilas,débil
El perro es ___ (bright),luminoso,luminosas,luminosos,luminosa
La niña es ___ (sad),triste,triste,tristes,triste
Las calles es ___ (light),ligeras,ligeraos,ligerao,ligera
Las montañas es ___ (fast),rápidas,rápidao,rápida,rápidaos
La playa es ___ (sick),enferma,enfermos,enfermas,enfermo
La luna es ___ (boring),aburrida,aburridas,aburrido,aburridos
La niña es ___ (big),grande,grandes,grande,grande
El edificio es ___ (big),grande,grandes,grande,grande
La niña es ___ (strong),fuerte,fuerte,fuertes,fuerte
Los gatos es ___ (beautiful),bonitos,bonito,bonitoas,bonitoa
Las flores es ___ (big),grandes,grandeos,grande,grandess
Los amigos es ___ (modern),modernos,modernoa,modernoas,moderno
El libro es ___ (kind),amable,amables,amable,amable
El edificio es ___ (hot),caliente,caliente,calientes,caliente
Las calles es ___ (interesting),interesantes,interesantess,interesanteos,interesante
El edificio es ___ (beautiful),bonito,bonita,bonitos,bonitas
Los gatos es ___ (heavy),pesados,pesadoas,pesado,pesadoa
Los coches es ___ (clear),claros,claroa,claro,claroas
Las calles es ___ (boring),aburridas,aburridaos,aburridao,aburrida
Las flores es ___ (big),grandes,grandeos,grande,grandess
Los árboles es ___ (happy),felizs,feliz,felizas,felizss
Las flores es ___ (dangerous),peligrosas,peligrosao,peligrosa,peligrosaos
La luna es ___ (sweet),dulce,dulces,dulce,dulce
El coche es ___ (healthy),sano,sanos,sana,sanas
Las montañas es ___ (dark),oscuras,oscuraos,oscurao,oscura
El parque es ___ (strong),fuerte,fuerte,fuertes,fuerte
El sol es ___ (kind),amable,amables,amable,amable
El perro es ___ (small),pequeño,pequeñas,pequeña,pequeños
El libro es ___ (boring),aburrido,aburridas,aburridos,aburrida
La playa es ___ (interesting),interesante,interesantes,interesante,interesante
La mesa es ___ (salty),salada,salados,saladas,salado
Los amigos es ___ (sick),enfermos,enfermoa,enfermoas,enfermo
La ciudad es ___ (fun),divertida,divertido,divertidas,divertidos
Los árboles es ___ (interesting),interesantes,interesantess,interesanteas,interesante
Los gatos es ___ (hot),calientes,caliente,calientess,calienteas
Las calles es ___ (weak),débils,débilos,débilss,débil
La playa es ___ (salty),salada,salados,saladas,salado
Los árboles es ___ (boring),aburridos,aburrido,aburridoas,aburridoa
La playa es ___ (ancient),antigua,antiguas,antiguo,antiguos
La casa es ___ (big),grande,grandes,grande,grande
El sol es ___ (fun),divertido,divertida,divertidas,divertidos
Los gatos es ___ (kind),amables,amableas,amable,amabless
El libro es ___ (light),ligero,ligeras,ligera,ligeros
La mesa es ___ (safe),segura,seguro,seguros,seguras
La casa es ___ (safe),segura,seguro,seguros,seguras
El edificio es ___ (dangerous),peligroso,peligrosa,peligrosos,peligrosas
La playa es ___ (ancient),antigua,antiguas,antiguo,antiguos
El parque es ___ (fun),divertido,divertida,divertidas,divertidos
El edificio es ___ (clear),claro,clara,claros,claras
La playa es ___ (salty),salada,salados,saladas,salado
El libro es ___ (kind),amable,amables,amable,amable
Las montañas es ___ (kind),amables,amable,amabless,amableos
La ciudad es ___ (salty),salada,salados,saladas,salado
Los coches es ___ (small),pequeños,pequeñoas,pequeño,pequeñoa
El sol es ___ (old),viejo,viejos,viejas,vieja
El perro es ___ (fun),divertido,divertida,divertidas,divertidos
El coche es ___ (sad),triste,triste,tristes,triste
La ciudad es ___ (clear),clara,claros,claro,claras
El edificio es ___ (dangerous),peligroso,peligrosa,peligrosos,peligrosas
Los amigos es ___ (bright),luminosos,luminosoa,luminoso,luminosoas
El parque es ___ (modern),moderno,modernos,modernas,moderna
Las montañas es ___ (dark),oscuras,oscuraos,oscurao,oscura
La playa es ___ (salty),salada,salados,saladas,salado
Los gatos es ___ (hot),calientes,caliente,calientess,calienteas
La ciudad es ___ (dark),oscura,oscuro,oscuras,oscuros
El sol es ___ (beautiful),bonito,bonita,bonitos,bonitas
Las flores es ___ (big),grandes,grandeos,grande,grandess
El chico es ___ (dangerous),peligroso,peligrosa,peligrosos,peligrosas
El edificio es ___ (fast),rápido,rápidas,rápida,rápidos
El libro es ___ (happy),feliz,feliz,felizs,feliz
La ciudad es ___ (cold),fría,frías,frío,fríos
Los coches es ___ (interesting),interesantes,interesantess,interesanteas,interesante
El edificio es ___ (clear),claro,clara,claros,claras
Las calles es ___ (kind),amables,amable,amabless,amableos
Los gatos es ___ (heavy),pesados,pesadoas,pesado,pesadoa
La luna es ___ (old),vieja,viejas,viejo,viejos
La luna es ___ (fast),rápida,rápido,rápidas,rápidos
Las flores es ___ (healthy),sanas,sanaos,sana,sanao
Los gatos es ___ (hot),calientes,caliente,calientess,calienteas
El parque es ___ (big),grande,grandes,grande,grande
Las calles es ___ (fast),rápidas,rápidao,rápida,rápidaos
Los coches es ___ (new),nuevos,nuevoa,nuevo,nuevoas
La ciudad es ___ (boring),aburrida,aburridas,aburrido,aburridos
El perro es ___ (sick),enfermo,enferma,enfermos,enfermas
El chico es ___ (boring),aburrido,aburridas,aburridos,aburrida
Los gatos es ___ (cold),fríos,frío,fríoas,fríoa
Las montañas es ___ (new),nuevas,nuevaos,nuevao,nueva
Las flores es ___ (new),nuevas,nuevaos,nuevao,nueva
La casa es ___ (sad),triste,triste,tristes,triste
Las calles es ___ (boring),aburridas,aburridaos,aburridao,aburrida
La ciudad es ___ (healthy),sana,sanos,sanas,sano
Los gatos es ___ (fun),divertidos,divertidoa,divertidoas,divertido
El perro es ___ (kind),amable,amables,amable,amable
El sol es ___ (ancient),antiguo,antiguas,antiguos,antigua
El sol es ___ (heavy),pesado,pesadas,pesada,pesados
El chico es ___ (kind),amable,amables,amable,amable
Los amigos es ___ (bright),luminosos,luminosoa,luminoso,luminosoas
La casa es ___ (fast),rápida,rápido,rápidas,rápidos
Las calles es ___ (fast),rápidas,rápidao,rápida,rápidaos
Las flores es ___ (kind),amables,amable,amabless,amableos
El coche es ___ (healthy),sano,sanos,sana,sanas
El chico es ___ (kind),amable,amables,amable,amable
La mesa es ___ (interesting),interesante,interesantes,interesante,interesante
El edificio es ___ (salty),salado,saladas,salada,salados
La luna es ___ (modern),moderna,modernos,moderno,modernas
Los gatos es ___ (big),grandes,grandeas,grande,grandess
Los árboles es ___ (ancient),antiguos,antiguoa,antiguo,antiguoas
La niña es ___ (big),grande,grandes,grande,grande
Los árboles es ___ (heavy),pesados,pesadoas,pesado,pesadoa
La casa es ___ (dark),oscura,oscuro,oscuras,oscuros
El perro es ___ (new),nuevo,nuevas,nueva,nuevos
La mesa es ___ (hot),caliente,caliente,calientes,caliente
El chico es ___ (light),ligero,ligeras,ligera,ligeros
El perro es ___ (cold),frío,frías,fríos,fría
Las flores es ___ (happy),felizs,feliz,felizos,felizss
El chico es ___ (interesting),interesante,interesantes,interesante,interesante
El coche es ___ (small),pequeño,pequeñas,pequeña,pequeños
El parque es ___ (strong),fuerte,fuerte,fuertes,fuerte
Las montañas es ___ (cold),frías,fríao,fríaos,fría
El libro es ___ (boring),aburrido,aburridas,aburridos,aburrida
Los gatos es ___ (salty),salados,saladoa,salado,saladoas
Los coches es ___ (dark),oscuros,oscuro,oscuroas,oscuroa
Las flores es ___ (clear),claras,clara,clarao,claraos
La niña es ___ (light),ligera,ligeras,ligeros,ligero
La mesa es ___ (sweet),dulce,dulces,dulce,dulce
El coche es ___ (new),nuevo,nuevas,nueva,nuevos
El libro es ___ (healthy),sano,sanos,sana,sanas
Las calles es ___ (ancient),antiguas,antiguao,antiguaos,antigua
El edificio es ___ (safe),seguro,segura,seguros,seguras
El libro es ___ (clear),claro,clara,claros,claras
El coche es ___ (boring),aburrido,aburridas,aburridos,aburrida
Las calles es ___ (sweet),dulces,dulcess,dulce,dulceos
Los gatos es ___ (big),grandes,grandeas,grande,grandess
El edificio es ___ (boring),aburrido,aburridas,aburridos,aburrida
El edificio es ___ (weak),débil,débils,débil,débil
La luna es ___ (beautiful),bonita,bonito,bonitos,bonitas
Los coches es ___ (hot),calientes,caliente,calientess,calienteas
La playa es ___ (dangerous),peligrosa,peligroso,peligrosos,peligrosas
El chico es ___ (beautiful),bonito,bonita,bonitos,bonitas
Los gatos es ___ (safe),seguros,seguro,seguroa,seguroas
Las calles es ___ (kind),amables,amable,amabless,amableos
La luna es ___ (dark),oscura,oscuro,oscuras,oscuros
El parque es ___ (happy),feliz,feliz,felizs,feliz
Los amigos es ___ (sad),tristes,triste,tristess,tristeas
Las calles es ___ (big),grandes,grandeos,grande,grandess
La luna es ___ (big),grande,grandes,grande,grande
El parque es ___ (new),nuevo,nuevas,nueva,nuevos
La mesa es ___ (sad),triste,triste,tristes,triste
Los amigos es ___ (new),nuevos,nuevoa,nuevo,nuevoas
El chico es ___ (beautiful),bonito,bonita,bonitos,bonitas
Los gatos es ___ (ancient),antiguos,antiguoa,antiguo,antiguoas
El perro es ___ (fast),rápido,rápidas,rápida,rápidos
La ciudad es ___ (dark),oscura,oscuro,oscuras,oscuros
Las montañas es ___ (happy),felizs,feliz,felizos,felizss
El libro es ___ (interesting),interesante,interesantes,interesante,interesante
Las flores es ___ (sweet),dulces,dulcess,dulce,dulceos
La mesa es ___ (dangerous),peligrosa,peligroso,peligrosos,peligrosas
El libro es ___ (sweet),dulce,dulces,dulce,dulce
Los gatos es ___ (interesting),interesantes,interesantess,interesanteas,interesante
La ciudad es ___ (fun),divertida,divertido,divertidas,divertidos
La luna es ___ (small),pequeña,pequeño,pequeñas,pequeños
La mesa es ___ (big),grande,grandes,grande,grande
La playa es ___ (dangerous),peligrosa,peligroso,peligrosos,peligrosas
El sol es ___ (dangerous),peligroso,peligrosa,peligrosos,peligrosas
La mesa es ___ (kind),amable,amables,amable,amable
El libro es ___ (salty),salado,saladas,salada,salados
El sol es ___ (interesting),interesante,interesantes,interesante,interesante
El chico es ___ (fun),divertido,divertida,divertidas,divertidos
Las calles es ___ (safe),seguras,segura,segurao,seguraos
El coche es ___ (sad),triste,triste,tristes,triste
Los árboles es ___ (happy),felizs,feliz,felizas,felizss
Los árboles es ___ (fun),divertidos,divertidoa,divertidoas,divertido
El edificio es ___ (kind),amable,amables,amable,amable
La mesa es ___ (old),vieja,viejas,viejo,viejos
El libro es ___ (small),pequeño,pequeñas,pequeña,pequeños
Los coches es ___ (dangerous),peligrosos,peligrosoas,peligroso,peligrosoa
La ciudad es ___ (salty),salada,salados,saladas,salado
Los amigos es ___ (salty),salados,saladoa,salado,saladoas
El parque es ___ (modern),moderno,modernos,modernas,moderna
Los gatos es ___ (beautiful),bonitos,bonito,bonitoas,bonitoa
El libro es ___ (cold),frío,frías,fríos,fría
Las flores es ___ (cold),frías,fríao,fríaos,fría
Los amigos es ___ (dark),oscuros,oscuro,oscuroas,oscuroa
La luna es ___ (kind),amable,amables,amable,amable
El chico es ___ (healthy),sano,sanos,sana,sanas
Las calles es ___ (sweet),dulces,dulcess,dulce,dulceos
El perro es ___ (dark),oscuro,oscuras,oscuros,oscura
Las flores es ___ (dangerous),peligrosas,peligrosao,peligrosa,peligrosaos
Los coches es ___ (kind),amables,amableas,amable,amabless
El perro es ___ (bright),luminoso,luminosas,luminosos,luminosa
Los árboles es ___ (fast),rápidos,rápido,rápidoa,rápidoas
Las calles es ___ (sweet),dulces,dulcess,dulce,dulceos
La niña es ___ (sad),triste,triste,tristes,triste
Los gatos es ___ (strong),fuertes,fuerteas,fuerte,fuertess
La luna es ___ (heavy),pesada,pesadas,pesado,pesados
La casa es ___ (healthy),sana,sanos,sanas,sano
Los coches es ___ (strong),fuertes,fuerteas,fuerte,fuertess
La casa es ___ (hot),caliente,caliente,calientes,caliente
El perro es ___ (sad),triste,triste,tristes,triste
El perro es ___ (salty),salado,saladas,salada,salados
La ciudad es ___ (dangerous),peligrosa,peligroso,peligrosos,peligrosas
El parque es ___ (kind),amable,amables,amable,amable
Las montañas es ___ (small),pequeñas,pequeñao,pequeñaos,pequeña
La ciudad es ___ (modern),moderna,modernos,moderno,modernas
El libro es ___ (safe),seguro,segura,seguros,seguras
La casa es ___ (salty),salada,salados,saladas,salado
El coche es ___ (dark),oscuro,oscuras,oscuros,oscura
La playa es ___ (light),ligera,ligeras,ligeros,ligero
El libro es ___ (kind),amable,amables,amable,amable
La luna es ___ (ancient),antigua,antiguas,antiguo,antiguos
La niña es ___ (boring),aburrida,aburridas,aburrido,aburridos
La luna es ___ (cold),fría,frías,frío,fríos
El sol es ___ (boring),aburrido,aburridas,aburridos,aburrida
Los amigos es ___ (weak),débils,débilss,débilas,débil
La niña es ___ (old),vieja,viejas,viejo,viejos
La casa es ___ (sad),triste,triste,tristes,triste
Los árboles es ___ (sick),enfermos,enfermoa,enfermoas,enfermo
La casa es ___ (hot),caliente,caliente,calientes,caliente
El parque es ___ (heavy),pesado,pesadas,pesada,pesados
El libro es ___ (hot),caliente,caliente,calientes,caliente
Las montañas es ___ (bright),luminosas,luminosao,luminosaos,luminosa
Los amigos es ___ (new),nuevos,nuevoa,nuevo,nuevoas
El sol es ___ (happy),feliz,feliz,felizs,feliz
El coche es ___ (hot),caliente,caliente,calientes,caliente
La mesa es ___ (big),grande,grandes,grande,grande
Los gatos es ___ (kind),amables,amableas,amable,amabless
Los coches es ___ (salty),salados,saladoa,salado,saladoas
Los amigos es ___ (big),grandes,grandeas,grande,grandess
Los amigos es ___ (boring),aburridos,aburrido,aburridoas,aburridoa
El perro es ___ (hot),caliente,caliente,calientes,caliente
Las montañas es ___ (fun),divertidas,divertidao,divertida,divertidaos
El coche es ___ (clear),claro,clara,claros,claras
Las flores es ___ (bright),luminosas,luminosao,luminosaos,luminosa
El coche es ___ (salty),salado,saladas,salada,salados
Los amigos es ___ (modern),modernos,modernoa,modernoas,moderno
El perro es ___ (new),nuevo,nuevas,nueva,nuevos
El perro es ___ (old),viejo,viejos,viejas,vieja
Las montañas es ___ (interesting),interesantes,interesantess,interesanteos,interesante
El coche es ___ (salty),salado,saladas,salada,salados
Los coches es ___ (ancient),antiguos,antiguoa,antiguo,antiguoas
Los amigos es ___ (weak),débils,débilss,débilas,débil
El edificio es ___ (light),ligero,ligeras,ligera,ligeros
El chico es ___ (old),viejo,viejos,viejas,vieja
La ciudad es ___ (safe),segura,seguro,seguros,seguras
El parque es ___ (boring),aburrido,aburridas,aburridos,aburrida
La niña es ___ (old),vieja,viejas,viejo,viejos
El perro es ___ (bright),luminoso,luminosas,luminosos,luminosa
Las flores es ___ (fun),divertidas,divertidao,divertida,divertidaos
El perro es ___ (cold),frío,frías,fríos,fría
El perro es ___ (fast),rápido,rápidas,rápida,rápidos
La casa es ___ (sad),triste,triste,tristes,triste
La casa es ___ (ancient),antigua,antiguas,antiguo,antiguos
El chico es ___ (sweet),dulce,dulces,dulce,dulce
Las calles es ___ (boring),aburridas,aburridaos,aburridao,aburrida
El libro es ___ (strong),fuerte,fuerte,fuertes,fuerte
Los coches es ___ (hot),calientes,caliente,calientess,calienteas
La casa es ___ (strong),fuerte,fuerte,fuertes,fuerte
Los coches es ___ (salty),salados,saladoa,salado,saladoas
La mesa es ___ (big),grande,grandes,grande,grande
La luna es ___ (small),pequeña,pequeño,pequeñas,pequeños
El coche es ___ (small),pequeño,pequeñas,pequeña,pequeños
Las calles es ___ (strong),fuertes,fuerteos,fuerte,fuertess
El chico es ___ (cold),frío,frías,fríos,fría
La casa es ___ (healthy),sana,sanos,sanas,sano
La mesa es ___ (dark),oscura,oscuro,oscuras,oscuros
El parque es ___ (light),ligero,ligeras,ligera,ligeros
El parque es ___ (safe),seguro,segura,seguros,seguras
La ciudad es ___ (heavy),pesada,pesadas,pesado,pesados
Las montañas es ___ (salty),saladas,saladao,salada,saladaos
Los coches es ___ (old),viejos,viejoas,viejo,viejoa
La playa es ___ (cold),fría,frías,frío,fríos
La luna es ___ (new),nueva,nuevas,nuevo,nuevos
Los árboles es ___ (salty),salados,saladoa,salado,saladoas
Las montañas es ___ (ancient),antiguas,antiguao,antiguaos,antigua
La ciudad es ___ (sad),triste,triste,tristes,triste
El coche es ___ (interesting),interesante,interesantes,interesante,interesante
Los gatos es ___ (boring),aburridos,aburrido,aburridoas,aburridoa
El edificio es ___ (kind),amable,amables,amable,amable
El sol es ___ (weak),débil,débils,débil,débil
El coche es ___ (safe),seguro,segura,seguros,seguras
El sol es ___ (dark),oscuro,oscuras,oscuros,oscura
El parque es ___ (fun),divertido,divertida,divertidas,divertidos
El coche es ___ (happy),feliz,feliz,felizs,feliz
Las flores es ___ (happy),felizs,feliz,felizos,felizss
El edificio es ___ (weak),débil,débils,débil,débil
La playa es ___ (boring),aburrida,aburridas,aburrido,aburridos
La niña es ___ (bright),luminosa,luminosas,luminosos,luminoso